Date,AAPL,MSFT,GOOG,AMZN,TSLA
2023-01-03,123.33065032958984,85.81999969482422,89.09032440185547,234.42355346679688,108.0999984741211
2023-01-04,124.60270690917969,85.13999938964844,88.1070556640625,224.16915893554688,113.63999938964844
2023-01-05,123.28134155273438,83.12000274658203,86.18023681640625,217.5252685546875,110.33999633789062
2023-01-06,127.8173599243164,86.08000183105469,87.56079864501953,220.0888671875,113.05999755859375
2023-01-09,128.33998107910156,87.36000061035156,88.19644927978516,222.2317657470703,119.7699966430664
2023-01-10,128.91192626953125,89.87000274658203,88.6334457397461,223.92449951171875,118.8499984741211
2023-01-11,131.633544921875,95.08999633789062,91.6329345703125,230.6956024169922,123.22000122070312
2023-01-12,131.55467224121094,95.2699966430664,91.28530883789062,233.37657165527344,123.55999755859375
2023-01-13,132.88587951660156,98.12000274658203,92.16926574707031,234.08111572265625,122.4000015258789
2023-01-17,134.04945373535156,96.05000305175781,91.53361511230469,235.177001953125,131.49000549316406
2023-01-18,133.32965087890625,95.45999908447266,91.15619659423828,230.73472595214844,128.77999877929688
2023-01-19,133.38882446289062,93.68000030517578,93.27172088623047,226.938232421875,127.16999816894531
2023-01-20,135.95262145996094,97.25,98.60521697998047,235.0498046875,133.4199981689453
2023-01-23,139.14759826660156,97.5199966430664,100.52210235595703,237.35899353027344,143.75
2023-01-24,140.54783630371094,96.31999969482422,98.53569030761719,236.8306121826172,143.88999938964844
2023-01-25,139.8871307373047,97.18000030517578,96.07255554199219,235.43141174316406,144.42999267578125
2023-01-26,141.9579620361328,99.22000122070312,98.48603820800781,242.66236877441406,160.27000427246094
2023-01-27,143.90052795410156,102.23999786376953,100.02549743652344,242.8188934326172,177.89999389648438
2023-01-30,141.0112762451172,100.55000305175781,97.28424835205078,237.48622131347656,166.66000366210938
2023-01-31,142.28334045410156,103.12999725341797,99.19122314453125,242.47647094726562,173.22000122070312
2023-02-01,143.40748596191406,105.1500015258789,100.7406005859375,247.31011962890625,181.41000366210938
2023-02-02,148.7225341796875,112.91000366210938,108.0605239868164,258.905029296875,188.27000427246094
2023-02-03,152.3513946533203,103.38999938964844,104.50485229492188,252.7895965576172,189.97999572753906
2023-02-06,149.619873046875,102.18000030517578,102.7667465209961,251.2435760498047,194.75999450683594
2023-02-07,152.499267578125,102.11000061035156,107.3056869506836,261.80133056640625,196.80999755859375
2023-02-08,149.80723571777344,100.05000305175781,99.3203125,260.9892578125,201.2899932861328
2023-02-09,148.77183532714844,98.23999786376953,94.8111801147461,257.9461364746094,207.32000732421875
2023-02-10,149.13723754882812,97.61000061035156,94.21525573730469,257.4373474121094,196.88999938964844
2023-02-13,151.94203186035156,99.54000091552734,94.35430908203125,265.4804382324219,194.63999938964844
2023-02-14,151.3000946044922,99.69999694824219,94.30464935302734,266.3122253417969,209.25
2023-02-15,153.40367126464844,101.16000366210938,96.44003295898438,264.1835632324219,214.24000549316406
2023-02-16,151.8037872314453,98.1500015258789,95.12899780273438,257.1502380371094,202.0399932861328
2023-02-17,150.65817260742188,97.19999694824219,93.94709014892578,253.13827514648438,208.30999755859375
2023-02-21,146.6386260986328,94.58000183105469,91.42436218261719,247.85108947753906,197.3699951171875
2023-02-22,147.06332397460938,95.79000091552734,91.17607879638672,246.71319580078125,200.86000061035156
2023-02-23,147.54722595214844,95.81999969482422,90.45101928710938,249.91102600097656,202.07000732421875
2023-02-24,144.8905792236328,93.5,88.74270629882812,244.4668731689453,196.8800048828125
2023-02-27,146.0855712890625,93.76000213623047,89.48760986328125,245.38894653320312,207.6300048828125
2023-02-28,145.5819091796875,94.2300033569336,89.6862564086914,244.66307067871094,205.7100067138672
2023-03-01,143.5079345703125,92.16999816894531,89.89482879638672,241.5731658935547,202.77000427246094
2023-03-02,144.10052490234375,92.12999725341797,91.6825942993164,246.3208465576172,190.89999389648438
2023-03-03,149.15701293945312,94.9000015258789,93.3809585571289,250.42111206054688,197.7899932861328
2023-03-06,151.9223175048828,93.75,94.93035888671875,251.97097778320312,193.80999755859375
2023-03-07,149.71995544433594,93.55000305175781,93.52995300292969,249.30284118652344,187.7100067138672
2023-03-08,150.97418212890625,93.91999816894531,94.0066909790039,248.86141967773438,182.0
2023-03-09,148.7224578857422,92.25,92.03022766113281,247.50778198242188,172.9199981689453
2023-03-10,146.65838623046875,90.7300033569336,90.39142608642578,243.848876953125,173.44000244140625
2023-03-13,148.60397338867188,92.43000030517578,91.03701782226562,249.0772705078125,174.47999572753906
2023-03-14,150.6976776123047,94.87999725341797,93.60941314697266,255.81622314453125,183.25999450683594
2023-03-15,151.09271240234375,96.19999694824219,95.89378356933594,260.3775329589844,180.4499969482422
2023-03-16,153.91725158691406,100.04000091552734,100.383056640625,270.93231201171875,184.1300048828125
2023-03-17,153.0777587890625,98.94999694824219,101.76359558105469,274.1007385253906,180.1300048828125
2023-03-20,155.447998046875,97.70999908447266,101.2372055053711,267.03802490234375,183.25
2023-03-21,157.30470275878906,100.61000061035156,105.1206283569336,268.5584716796875,197.5800018310547
2023-03-22,155.87266540527344,98.69999694824219,103.51163482666016,267.0968933105469,191.14999389648438
2023-03-23,156.95904541015625,98.70999908447266,105.53778076171875,272.364501953125,192.22000122070312
2023-03-24,158.26268005371094,98.12999725341797,105.3391342163086,275.2190246582031,190.41000366210938
2023-03-27,156.31710815429688,98.04000091552734,102.3595199584961,271.10888671875,191.80999755859375
2023-03-28,155.69491577148438,97.23999786376953,100.67108154296875,269.9808349609375,189.19000244140625
2023-03-29,158.7762451171875,100.25,101.20741271972656,275.16015625,193.8800048828125
2023-03-30,160.34649658203125,102.0,100.63136291503906,278.6325988769531,195.27999877929688
2023-03-31,162.85499572753906,103.29000091552734,103.29314422607422,282.80157470703125,207.4600067138672
2023-04-03,164.1092529296875,102.41000366210938,104.19696044921875,281.7520751953125,194.77000427246094
2023-04-04,163.57594299316406,103.94999694824219,104.40552520751953,281.70294189453125,192.5800018310547
2023-04-05,161.72914123535156,101.0999984741211,104.23668670654297,278.9170837402344,185.52000427246094
2023-04-06,162.6179962158203,102.05999755859375,108.15983581542969,286.0386657714844,185.05999755859375
2023-04-10,160.02061462402344,102.16999816894531,106.22309112548828,283.8707275390625,184.50999450683594
2023-04-11,158.80584716796875,99.91999816894531,105.39872741699219,277.43585205078125,186.7899932861328
2023-04-12,158.11453247070312,97.83000183105469,104.50485229492188,278.0832214355469,180.5399932861328
2023-04-13,163.50682067871094,102.4000015258789,107.45466613769531,284.3121643066406,185.89999389648438
2023-04-14,163.16119384765625,102.51000213623047,108.71603393554688,280.6827697753906,185.0
2023-04-17,163.180908203125,102.73999786376953,105.69668579101562,283.2920837402344,187.0399932861328
2023-04-18,164.40553283691406,102.30000305175781,104.40552520751953,282.8702087402344,184.30999755859375
2023-04-19,165.55113220214844,104.30000305175781,104.30619049072266,282.9486999511719,180.58999633789062
2023-04-20,164.58328247070312,103.80999755859375,105.18022155761719,280.6533203125,162.99000549316406
2023-04-21,162.9735107421875,106.95999908447266,105.19017028808594,280.3099670410156,165.0800018310547
2023-04-24,163.27969360351562,106.20999908447266,106.05423736572266,276.39605712890625,162.5500030517578
2023-04-25,161.73904418945312,102.56999969482422,103.89898681640625,270.1672668457031,160.6699981689453
2023-04-26,161.72914123535156,104.9800033569336,103.74007415771484,289.73675537109375,153.75
2023-04-27,166.32147216796875,109.81999969482422,107.6334457397461,299.0163269042969,160.19000244140625
2023-04-28,167.57571411132812,105.44999694824219,107.48445892333984,301.39996337890625,164.30999755859375
2023-05-01,167.48683166503906,102.05000305175781,106.97792053222656,299.7323913574219,161.8300018310547
2023-05-02,166.44984436035156,103.62999725341797,105.25968933105469,299.5852355957031,160.30999755859375
2023-05-03,165.3733673095703,103.6500015258789,105.39872741699219,298.5944519042969,160.61000061035156
2023-05-04,163.73394775390625,104.0,104.49491119384766,299.5852355957031,161.1999969482422
2023-05-05,171.41748046875,105.66000366210938,105.49308013916016,304.72528076171875,170.05999755859375
2023-05-08,171.3483428955078,105.83000183105469,107.50431823730469,302.7633972167969,171.7899932861328
2023-05-09,169.63980102539062,106.62000274658203,107.20637512207031,301.1448974609375,169.14999389648438
2023-05-10,171.40760803222656,110.19000244140625,111.5168685913086,306.3536376953125,168.5399932861328
2023-05-11,171.59524536132812,112.18000030517578,116.10545349121094,304.1955871582031,172.0800018310547
2023-05-12,170.66563415527344,110.26000213623047,117.11852264404297,303.07733154296875,167.97999572753906
2023-05-15,170.17112731933594,111.19999694824219,116.16505432128906,303.5579833984375,166.35000610351562
2023-05-16,170.17112731933594,113.4000015258789,119.27377319335938,305.79449462890625,166.52000427246094
2023-05-17,170.7843017578125,115.5,120.65433502197266,308.6846923828125,173.86000061035156
2023-05-18,173.11827087402344,118.1500015258789,122.68045806884766,313.12823486328125,176.88999938964844
2023-05-19,173.22708129882812,116.25,122.41230010986328,312.9512634277344,180.13999938964844
2023-05-22,172.27761840820312,115.01000213623047,125.01449584960938,315.7431945800781,188.8699951171875
2023-05-23,169.66676330566406,114.98999786376953,122.45204162597656,309.9234619140625,185.77000427246094
2023-05-24,169.9436798095703,116.75,120.81324768066406,308.53729248046875,182.89999389648438
2023-05-25,171.08099365234375,115.0,123.50482177734375,320.40301513671875,184.47000122070312
2023-05-26,173.49403381347656,120.11000061035156,124.57748413085938,327.2550048828125,193.1699981689453
2023-05-30,175.3434295654297,121.66000366210938,123.7928466796875,325.6033935546875,201.16000366210938
2023-05-31,175.29396057128906,120.58000183105469,122.53148651123047,322.8311767578125,203.92999267578125
2023-06-01,178.10263061523438,122.7699966430664,123.52468872070312,326.9501647949219,207.52000427246094
2023-06-02,178.95314025878906,124.25,124.37885284423828,329.7225036621094,213.97000122070312
2023-06-05,177.59823608398438,125.30000305175781,125.76931762695312,330.2533264160156,217.61000061035156
2023-06-06,177.2323455810547,126.61000061035156,127.04063415527344,328.0316162109375,221.30999755859375
2023-06-07,175.85768127441406,121.2300033569336,122.10440826416016,317.9059753417969,224.57000732421875
2023-06-08,178.57733154296875,124.25,121.83625030517578,319.754150390625,234.86000061035156
2023-06-09,178.96302795410156,123.43000030517578,122.03488159179688,321.2582702636719,244.39999389648438
2023-06-12,181.76177978515625,126.56999969482422,123.50482177734375,326.23260498046875,249.8300018310547
2023-06-13,181.28707885742188,126.66000366210938,123.58428192138672,328.6312255859375,258.7099914550781
2023-06-14,181.92005920410156,126.41999816894531,123.53462219238281,331.629638671875,256.7900085449219
2023-06-15,183.9573211669922,127.11000061035156,124.9350357055664,342.20751953125,255.89999389648438
2023-06-16,182.87930297851562,125.48999786376953,123.216796875,336.5351867675781,260.5400085449219
2023-06-20,182.9683380126953,125.77999877929688,123.00821685791016,332.3276062011719,274.45001220703125
2023-06-21,181.929931640625,124.83000183105469,120.43583679199219,327.9136657714844,259.4599914550781
2023-06-22,184.93637084960938,130.14999389648438,123.02808380126953,333.95947265625,264.6099853515625
2023-06-23,184.61990356445312,129.3300018310547,122.1838607788086,329.3489074707031,256.6000061035156
2023-06-26,183.22544860839844,127.33000183105469,118.28056335449219,323.03759765625,241.0500030517578
2023-06-27,185.98468017578125,129.17999267578125,118.20111846923828,328.90655517578125,250.2100067138672
2023-06-28,187.1615447998047,129.0399932861328,120.25704956054688,330.1648864746094,256.239990234375
2023-06-29,187.497802734375,127.9000015258789,119.19432067871094,329.37841796875,257.5
2023-06-30,191.8294677734375,130.36000061035156,120.1478042602539,334.77545166015625,261.7699890136719
2023-07-03,190.33615112304688,130.22000122070312,119.74058532714844,332.2686462402344,279.82000732421875
2023-07-05,189.2185821533203,130.3800048828125,121.7965087890625,332.42596435546875,282.4800109863281
2023-07-06,189.69329833984375,128.36000061035156,120.10806274414062,335.49310302734375,276.5400085449219
2023-07-07,188.57574462890625,129.77999877929688,119.32343292236328,331.5116882324219,274.42999267578125
2023-07-10,186.52862548828125,127.12999725341797,116.07566833496094,326.212890625,269.6099853515625
2023-07-11,186.0044708251953,128.77999877929688,116.90995788574219,326.8420715332031,269.7900085449219
2023-07-12,187.67581176757812,130.8000030517578,118.80697631835938,331.49200439453125,271.989990234375
2023-07-13,188.43731689453125,134.3000030517578,123.98155212402344,336.8595886230469,277.8999938964844
2023-07-14,188.5856475830078,134.67999267578125,124.84564971923828,339.39593505859375,281.3800048828125
2023-07-17,191.84922790527344,133.55999755859375,124.20999908447266,339.8776550292969,290.3800048828125
2023-07-18,191.5920867919922,132.8300018310547,123.23666381835938,353.4046630859375,293.3399963378906
2023-07-19,192.94700622558594,135.36000061035156,121.94548034667969,349.0693359375,291.260009765625
2023-07-20,190.99874877929688,129.9600067138672,118.71759033203125,340.998291015625,262.8999938964844
2023-07-21,189.8218994140625,130.0,119.49227905273438,337.9507751464844,260.0199890136719
2023-07-24,190.62294006347656,128.8000030517578,121.05160522460938,339.2680969238281,269.05999755859375
2023-07-25,191.48333740234375,129.1300048828125,121.95543670654297,345.0387268066406,265.2799987792969
2023-07-26,192.35360717773438,128.14999389648438,128.7787322998047,332.0523681640625,264.3500061035156
2023-07-27,191.0877227783203,128.25,128.9873046875,325.1216735839844,255.7100067138672
2023-07-28,193.66893005371094,132.2100067138672,132.10595703125,332.6421813964844,266.44000244140625
2023-07-31,194.2821044921875,133.67999267578125,132.20529174804688,330.2336730957031,267.42999267578125
2023-08-01,193.4513702392578,131.69000244140625,130.9935760498047,330.6465759277344,261.07000732421875
2023-08-02,190.4547882080078,128.2100067138672,127.76566314697266,321.9562072753906,254.11000061035156
2023-08-03,189.06036376953125,128.91000366210938,127.89478302001953,321.1304626464844,259.32000732421875
2023-08-04,179.981689453125,139.57000732421875,127.66633605957031,322.2314453125,253.86000061035156
2023-08-07,176.87631225585938,142.22000122070312,131.04322814941406,324.52203369140625,251.4499969482422
2023-08-08,177.81582641601562,139.94000244140625,130.9439239501953,320.53076171875,249.6999969482422
2023-08-09,176.2235870361328,137.85000610351562,129.26539611816406,316.7754211425781,242.19000244140625
2023-08-10,176.00604248046875,138.55999755859375,129.3249969482422,317.4635925292969,245.33999633789062
2023-08-11,176.06546020507812,138.41000366210938,129.28526306152344,315.57611083984375,242.64999389648438
2023-08-14,177.71926879882812,140.57000732421875,130.9340057373047,318.5547790527344,239.75999450683594
2023-08-15,175.72874450683594,137.6699981689453,129.3845977783203,316.41168212890625,232.9600067138672
2023-08-16,174.8572998046875,135.07000732421875,128.23248291015625,315.6432800292969,225.60000610351562
2023-08-17,172.31219482421875,133.97999572753906,129.57330322265625,312.1755676269531,219.22000122070312
2023-08-18,172.79747009277344,133.22000122070312,127.23927307128906,311.781494140625,215.49000549316406
2023-08-21,174.1343536376953,134.67999267578125,128.05369567871094,317.1012878417969,231.27999877929688
2023-08-22,175.51084899902344,134.25,128.8085174560547,317.67266845703125,233.19000244140625
2023-08-23,179.36314392089844,135.52000427246094,132.30459594726562,322.1452941894531,236.86000061035156
2023-08-24,174.66912841796875,131.83999633789062,129.5335693359375,315.21966552734375,230.0399932861328
2023-08-25,176.87750244140625,133.25999450683594,129.80174255371094,318.18499755859375,238.58999633789062
2023-08-28,178.44216918945312,133.13999938964844,130.89427185058594,318.894287109375,238.82000732421875
2023-08-29,182.33404541015625,134.91000366210938,134.56910705566406,323.5343322753906,257.17999267578125
2023-08-30,185.82981872558594,135.07000732421875,135.9993133544922,323.90869140625,256.8999938964844
2023-08-31,186.04766845703125,138.00999450683594,136.41647338867188,322.8940124511719,258.0799865722656
2023-09-01,187.6222686767578,138.1199951171875,135.8701934814453,323.78070068359375,245.00999450683594
2023-09-05,187.8599090576172,137.27000427246094,135.7808380126953,328.5979919433594,256.489990234375
2023-09-06,181.13575744628906,135.36000061035156,134.4499053955078,327.93798828125,251.9199981689453
2023-09-07,175.83767700195312,137.85000610351562,135.27427673339844,325.0120849609375,251.49000549316406
2023-09-08,176.45166015625,138.22999572753906,136.26748657226562,329.3073425292969,248.5
2023-09-11,177.62022399902344,143.10000610351562,136.8038330078125,332.9228820800781,273.5799865722656
2023-09-12,174.58990478515625,141.22999572753906,135.1451873779297,326.8444519042969,267.4800109863281
2023-09-13,172.5201873779297,144.85000610351562,136.56546020507812,331.0707702636719,271.29998779296875
2023-09-14,174.03533935546875,144.72000122070312,138.0453338623047,333.6716003417969,276.0400085449219
2023-09-15,173.3124237060547,140.38999938964844,137.36000061035156,325.3175048828125,274.3900146484375
2023-09-18,176.2436981201172,139.97999572753906,138.01551818847656,324.1746826171875,265.2799987792969
2023-09-19,177.33303833007812,137.6300048828125,137.88641357421875,323.770751953125,266.5
2023-09-20,173.7877655029297,135.2899932861328,133.6752166748047,316.0077819824219,262.5899963378906
2023-09-21,172.24288940429688,129.3300018310547,130.46717834472656,314.7861633300781,255.6999969482422
2023-09-22,173.0945281982422,129.1199951171875,130.35792541503906,312.3036193847656,244.8800048828125
2023-09-25,174.3720245361328,131.27000427246094,131.27166748046875,312.82574462890625,246.99000549316406
2023-09-26,170.2919921875,125.9800033569336,128.57015991210938,307.5058898925781,244.1199951171875
2023-09-27,168.77682495117188,125.9800033569336,130.56649780273438,308.146240234375,240.5
2023-09-28,169.03431701660156,125.9800033569336,132.22515869140625,308.983642578125,246.3800048828125
2023-09-29,169.54928588867188,127.12000274658203,130.95384216308594,311.06231689453125,250.22000122070312
2023-10-02,172.06463623046875,129.4600067138672,134.25128173828125,317.0224609375,251.60000610351562
2023-10-03,170.72775268554688,124.72000122070312,132.3939666748047,308.7373352050781,246.52999877929688
2023-10-04,171.97549438476562,127.0,135.3437957763672,314.224609375,261.1600036621094
2023-10-05,173.21340942382812,125.95999908447266,135.06570434570312,314.6186828613281,260.04998779296875
2023-10-06,175.7683563232422,127.95999908447266,137.7870635986328,322.4014587402344,260.5299987792969
2023-10-09,177.25381469726562,128.25999450683594,138.55184936523438,324.92340087890625,259.6700134277344
2023-10-10,176.65963745117188,129.47999572753906,138.25387573242188,323.5146484375,263.6199951171875
2023-10-11,178.0559539794922,131.8300018310547,140.7368927001953,327.4848327636719,262.989990234375
2023-10-12,178.95713806152344,132.3300018310547,139.33645629882812,326.2434997558594,258.8699951171875
2023-10-13,177.1151580810547,129.7899932861328,137.6381072998047,322.86444091796875,251.1199951171875
2023-10-16,176.98643493652344,132.5500030517578,139.5351104736328,327.7015686035156,253.9199981689453
2023-10-17,175.43162536621094,131.47000122070312,140.03172302246094,327.1301574707031,254.85000610351562
2023-10-18,174.1343536376953,128.1300048828125,138.3333282470703,325.2090759277344,242.67999267578125
2023-10-19,173.75804138183594,128.39999389648438,138.035400390625,326.4012145996094,220.11000061035156
2023-10-20,171.20306396484375,125.16999816894531,135.81060791015625,321.8202209472656,211.99000549316406
2023-10-23,171.3218994140625,126.55999755859375,136.96270751953125,324.43084716796875,212.0800018310547
2023-10-24,171.75765991210938,128.55999755859375,139.16763305664062,325.6228942871094,216.52000427246094
2023-10-25,169.4403533935547,121.38999938964844,125.80905151367188,335.6123352050781,212.4199981689453
2023-10-26,165.27117919921875,119.56999969482422,122.60100555419922,323.0221252441406,205.75999450683594
2023-10-27,166.58827209472656,127.73999786376953,122.561279296875,324.9136047363281,207.3000030517578
2023-10-30,168.63818359375,132.7100067138672,124.89529418945312,332.30224609375,197.36000061035156
2023-10-31,169.113525390625,133.08999633789062,124.44837188720703,333.09033203125,200.83999633789062
2023-11-01,172.2825164794922,137.0,126.70294189453125,340.9321594238281,205.66000366210938
2023-11-02,175.8475799560547,138.07000732421875,127.70606994628906,343.1487731933594,218.50999450683594
2023-11-03,174.93650817871094,138.60000610351562,129.48388671875,347.5622863769531,219.9600067138672
2023-11-06,177.49148559570312,139.74000549316406,130.5565643310547,351.2369079589844,219.27000427246094
2023-11-07,180.05638122558594,142.7100067138672,131.50009155273438,355.1774597167969,222.17999267578125
2023-11-08,181.11598205566406,142.0800018310547,132.354248046875,357.807861328125,222.11000061035156
2023-11-09,180.64064025878906,140.60000610351562,130.79495239257812,355.3351745605469,209.97999572753906
2023-11-10,184.8351287841797,143.55999755859375,133.14883422851562,364.18182373046875,214.64999389648438
2023-11-13,183.24856567382812,142.58999633789062,132.73167419433594,361.2361755371094,223.7100067138672
2023-11-14,185.86639404296875,145.8000030517578,134.509521484375,364.77288818359375,237.41000366210938
2023-11-15,186.43161010742188,143.1999969482422,135.45306396484375,364.9209899902344,242.83999633789062
2023-11-16,188.11734008789062,142.8300018310547,137.75729370117188,371.3374938964844,233.58999633789062
2023-11-17,188.09751892089844,145.17999267578125,136.00924682617188,365.09869384765625,234.3000030517578
2023-11-20,189.84271240234375,146.1300048828125,136.98260498046875,372.59112548828125,235.60000610351562
2023-11-21,189.03952026367188,143.89999389648438,137.67782592773438,368.27728271484375,241.1999969482422
2023-11-22,189.7039031982422,146.7100067138672,139.06829833984375,372.99591064453125,234.2100067138672
2023-11-24,188.37515258789062,146.74000549316406,137.28054809570312,372.581298828125,235.4499969482422
2023-11-27,188.19664001464844,147.72999572753906,137.11172485351562,373.74609375,236.0800018310547
2023-11-28,188.80154418945312,147.02999877929688,137.67782592773438,377.7836608886719,246.72000122070312
2023-11-29,187.78018188476562,146.32000732421875,135.47293090820312,373.9830017089844,244.13999938964844
2023-11-30,188.35533142089844,146.08999633789062,133.009765625,374.0422668457031,240.0800018310547
2023-12-01,189.63449096679688,147.02999877929688,132.41387939453125,369.69879150390625,238.8300018310547
2023-12-04,187.8396759033203,144.83999633789062,129.74215698242188,364.3977966308594,235.5800018310547
2023-12-05,191.7961883544922,146.8800048828125,131.4901885986328,367.734375,238.72000122070312
2023-12-06,190.7054443359375,144.52000427246094,130.5366973876953,364.0621337890625,239.3699951171875
2023-12-07,192.6390380859375,146.8800048828125,137.50897216796875,366.18450927734375,242.63999938964844
2023-12-08,194.06698608398438,147.4199981689453,135.7113037109375,369.4223937988281,243.83999633789062
2023-12-11,191.5581817626953,145.88999938964844,133.78445434570312,366.530029296875,239.74000549316406
2023-12-12,193.07537841796875,147.47999572753906,132.73167419433594,369.5704650878906,237.00999450683594
2023-12-13,196.29808044433594,148.83999633789062,133.0594482421875,369.5605773925781,239.2899932861328
2023-12-14,196.44679260253906,147.4199981689453,132.294677734375,361.22900390625,251.0500030517578
2023-12-15,195.91134643554688,149.97000122070312,132.93031311035156,365.9673767089844,253.5
2023-12-18,194.24545288085938,154.07000732421875,136.25755310058594,367.8626708984375,252.0800018310547
2023-12-19,195.28663635253906,153.7899932861328,137.161376953125,368.4648742675781,257.2200012207031
2023-12-20,193.19436645507812,152.1199951171875,138.71075439453125,365.8587341308594,247.13999938964844
2023-12-21,193.0456085205078,153.83999633789062,140.8362274169922,368.7413024902344,254.5
2023-12-22,191.9746856689453,153.4199981689453,141.74998474121094,369.7678527832031,252.5399932861328
2023-12-26,191.42930603027344,153.41000366210938,141.8492889404297,369.84686279296875,256.6099853515625
2023-12-27,191.5284423828125,153.33999633789062,140.4786834716797,369.26446533203125,261.44000244140625
2023-12-28,191.95484924316406,153.3800048828125,140.3197784423828,370.4588623046875,253.17999267578125
2023-12-29,190.91366577148438,151.94000244140625,139.97213745117188,371.2091064453125,248.47999572753906
2024-01-02,184.08151245117188,149.92999267578125,138.61143493652344,366.1055603027344,248.4199981689453
2024-01-03,182.70315551757812,148.47000122070312,139.406005859375,365.83905029296875,238.4499969482422
2024-01-04,180.38284301757812,144.57000732421875,137.1017608642578,363.21319580078125,237.92999267578125
2024-01-05,179.65892028808594,145.24000549316406,136.45619201660156,363.025634765625,237.49000549316406
2024-01-08,184.00216674804688,149.10000610351562,139.5748291015625,369.8764953613281,240.4499969482422
2024-01-09,183.585693359375,151.3699951171875,141.59103393554688,370.96234130859375,234.9600067138672
2024-01-10,184.6268768310547,153.72999572753906,142.8226318359375,377.8526611328125,233.94000244140625
2024-01-11,184.03192138671875,155.17999267578125,142.69351196289062,379.68878173828125,227.22000122070312
2024-01-12,184.35914611816406,154.6199951171875,143.25962829589844,383.4794616699219,218.88999938964844
2024-01-16,182.08837890625,153.16000366210938,143.10072326660156,385.2563171386719,219.91000366210938
2024-01-17,181.14634704589844,151.7100067138672,141.91880798339844,384.46661376953125,215.5500030517578
2024-01-18,187.04641723632812,153.5,144.00454711914062,388.8100891113281,211.8800048828125
2024-01-19,189.9517822265625,155.33999633789062,146.96429443359375,393.54840087890625,212.19000244140625
2024-01-22,192.26223754882812,154.77999877929688,146.7060546875,391.41619873046875,208.8000030517578
2024-01-23,193.54141235351562,156.02000427246094,147.66944885253906,393.77545166015625,209.13999938964844
2024-01-24,192.8671112060547,156.8699951171875,149.328125,397.3884582519531,207.8300018310547
2024-01-25,192.53990173339844,157.75,152.59576416015625,399.6687927246094,182.6300048828125
2024-01-26,190.80458068847656,159.1199951171875,152.74473571777344,398.7408752441406,183.25
2024-01-29,190.12037658691406,161.25999450683594,153.78761291503906,404.45648193359375,190.92999267578125
2024-01-30,186.4613494873047,159.0,152.00978088378906,403.34100341796875,191.58999633789062
2024-01-31,182.85191345214844,155.1999969482422,140.8362274169922,392.472412109375,187.2899932861328
2024-02-01,185.291259765625,159.27999877929688,141.7400360107422,398.5928039550781,188.86000061035156
2024-02-02,184.2897186279297,171.80999755859375,142.56439208984375,405.9371643066406,187.91000366210938
2024-02-05,186.1043701171875,170.30999755859375,143.9449462890625,400.4387512207031,181.05999755859375
2024-02-06,187.71078491210938,169.14999389648438,144.4216766357422,400.28076171875,185.10000610351562
2024-02-07,187.81985473632812,170.52999877929688,145.68307495117188,408.7308044433594,187.5800018310547
2024-02-08,186.739013671875,169.83999633789062,146.21939086914062,408.7900390625,189.55999755859375
2024-02-09,187.50352478027344,174.4499969482422,149.19898986816406,415.1473083496094,193.57000732421875
2024-02-12,185.8156280517578,172.33999633789062,147.71910095214844,409.92529296875,188.1300048828125
2024-02-13,183.72067260742188,168.63999938964844,145.3751678466797,401.10015869140625,184.02000427246094
2024-02-14,182.83700561523438,170.97999572753906,146.1399383544922,404.9769287109375,188.7100067138672
2024-02-15,182.54910278320312,169.8000030517578,142.96168518066406,402.0792236328125,200.4499969482422
2024-02-16,181.0101318359375,169.50999450683594,140.79649353027344,399.6068115234375,199.9499969482422
2024-02-20,180.26548767089844,167.0800018310547,141.2334747314453,398.35076904296875,193.75999450683594
2024-02-21,181.0200653076172,168.58999633789062,142.8623504638672,397.7474670410156,194.77000427246094
2024-02-22,183.05543518066406,174.5800018310547,144.33230590820312,407.1131286621094,197.41000366210938
2024-02-23,181.21865844726562,174.99000549316406,144.302490234375,405.81756591796875,191.97000122070312
2024-02-26,179.86834716796875,174.72999572753906,137.80697631835938,403.0484619140625,199.39999389648438
2024-02-27,181.32786560058594,173.5399932861328,139.14776611328125,402.9891052246094,199.72999572753906
2024-02-28,180.12649536132812,173.16000366210938,136.4959259033203,403.2264404296875,202.0399932861328
2024-02-29,179.4612579345703,176.75999450683594,138.82994079589844,409.08123779296875,201.8800048828125
2024-03-01,178.3790283203125,178.22000122070312,137.14151000976562,410.9206848144531,202.63999938964844
2024-03-04,173.8515625,177.5800018310547,133.28787231445312,410.34710693359375,188.13999938964844
2024-03-05,168.90704345703125,174.1199951171875,132.87074279785156,398.21234130859375,180.74000549316406
2024-03-06,167.9141845703125,173.50999450683594,131.6590118408203,397.6584777832031,176.5399932861328
2024-03-07,167.7950439453125,176.82000732421875,134.32081604003906,404.63079833984375,178.64999389648438
2024-03-08,169.51271057128906,175.35000610351562,135.36366271972656,401.74298095703125,175.33999633789062
2024-03-11,171.518310546875,171.9600067138672,137.9956817626953,400.0617370605469,177.77000427246094
2024-03-12,171.99488830566406,175.38999938964844,138.67103576660156,410.703125,177.5399932861328
2024-03-13,169.90985107421875,176.55999755859375,139.81321716308594,410.5251159667969,169.47999572753906
2024-03-14,171.7665252685547,178.75,143.3589630126953,420.5335998535156,162.5
2024-03-15,171.3892364501953,174.4199981689453,141.20370483398438,411.83056640625,163.57000732421875
2024-03-18,172.48138427734375,174.47999572753906,147.4708251953125,412.72064208984375,173.8000030517578
2024-03-19,174.82455444335938,175.89999389648438,146.9146270751953,416.76556396484375,171.32000732421875
2024-03-20,177.3960723876953,178.14999389648438,148.66265869140625,420.54345703125,175.66000366210938
2024-03-21,170.1481170654297,178.14999389648438,147.72906494140625,424.6378173828125,172.82000732421875
2024-03-22,171.05165100097656,178.8699951171875,150.73846435546875,424.0148010253906,170.8300018310547
2024-03-25,169.63186645507812,179.7100067138672,150.12266540527344,418.1995544433594,172.6300048828125
2024-03-26,168.49996948242188,178.3000030517578,150.66893005371094,417.0029296875,177.6699981689453
2024-03-27,172.07431030273438,179.8300018310547,150.90728759765625,416.7853698730469,179.8300018310547
2024-03-28,170.25733947753906,180.3800048828125,151.22512817382812,416.0831604003906,175.7899932861328
2024-04-01,168.8177032470703,180.97000122070312,155.43629455566406,419.8907165527344,175.22000122070312
2024-04-02,167.63616943359375,180.69000244140625,154.8105926513672,416.7951965332031,166.6300048828125
2024-04-03,168.44041442871094,182.41000366210938,155.3072052001953,415.816162109375,168.3800048828125
2024-04-04,167.61631774902344,180.0,150.90728759765625,413.27447509765625,171.11000061035156
2024-04-05,168.37091064453125,185.07000732421875,152.89370727539062,420.8302307128906,164.89999389648438
2024-04-08,167.2489776611328,185.19000244140625,155.07875061035156,419.9105224609375,172.97999572753906
2024-04-09,168.4602508544922,185.6699981689453,157.06517028808594,421.5818786621094,176.8800048828125
2024-04-10,166.58372497558594,185.9499969482422,156.58843994140625,418.59515380859375,171.75999450683594
2024-04-11,173.79196166992188,189.0500030517578,159.69715881347656,423.2136535644531,174.60000610351562
2024-04-12,175.2912139892578,186.1300048828125,158.1080322265625,417.25018310546875,171.0500030517578
2024-04-15,171.458740234375,183.6199951171875,155.26747131347656,409.08123779296875,161.47999572753906
2024-04-16,168.17233276367188,183.32000732421875,154.939697265625,410.0108337402344,157.11000061035156
2024-04-17,166.8021697998047,181.27999877929688,155.81373596191406,407.301025390625,155.4499969482422
2024-04-18,165.8489990234375,179.22000122070312,156.38978576660156,399.814453125,149.92999267578125
2024-04-19,163.82354736328125,174.6300048828125,154.66160583496094,394.7212219238281,147.0500030517578
2024-04-22,164.6575469970703,177.22999572753906,156.87644958496094,396.5409240722656,142.0500030517578
2024-04-23,165.7100067138672,179.5399932861328,158.83306884765625,403.078125,144.67999267578125
2024-04-24,167.81491088867188,176.58999633789062,160.0050506591797,404.55169677734375,162.1300048828125
2024-04-25,168.67869567871094,173.6699981689453,156.87644958496094,394.64215087890625,170.17999267578125
2024-04-26,168.09291076660156,179.6199951171875,172.5094757080078,401.84185791015625,168.2899932861328
2024-04-29,172.26295471191406,180.9600067138672,166.7588348388672,397.8167724609375,194.0500030517578
2024-04-30,169.11553955078125,175.0,163.52099609375,385.0390930175781,183.27999877929688
2024-05-01,168.09291076660156,179.0,164.44467163085938,390.5872802734375,179.99000549316406
2024-05-02,171.7963104248047,184.72000122070312,167.3150177001953,393.4552917480469,180.00999450683594
2024-05-03,182.07249450683594,186.2100067138672,167.84144592285156,402.1781005859375,181.19000244140625
2024-05-06,180.41441345214844,188.6999969482422,168.6757049560547,408.9823303222656,184.75999450683594
2024-05-07,181.09950256347656,188.75999450683594,171.80429077148438,404.82855224609375,177.80999755859375
2024-05-08,181.43707275390625,188.0,169.99667358398438,406.015380859375,174.72000122070312
2024-05-09,183.2540283203125,189.5,170.41383361816406,407.7757568359375,171.97000122070312
2024-05-10,181.99136352539062,187.47999572753906,169.132568359375,410.1690368652344,168.47000122070312
2024-05-13,185.2027130126953,186.57000732421875,169.73843383789062,409.1603088378906,171.88999938964844
2024-05-14,186.34603881835938,187.07000732421875,170.76144409179688,411.9690246582031,177.5500030517578
2024-05-15,188.622802734375,185.99000549316406,172.6981964111328,419.1718444824219,173.99000549316406
2024-05-16,188.74209594726562,183.6300048828125,174.23764038085938,417.1011657714844,174.83999633789062
2024-05-17,188.7719268798828,184.6999969482422,176.08499145507812,416.3283386230469,177.4600067138672
2024-05-20,189.93515014648438,183.5399932861328,177.2470703125,421.4110107421875,174.9499969482422
2024-05-21,191.2375946044922,183.14999389648438,178.3197021484375,425.0768127441406,186.60000610351562
2024-05-22,189.7959747314453,183.1300048828125,176.7901611328125,426.5431213378906,180.11000061035156
2024-05-23,185.79922485351562,181.0500030517578,173.87014770507812,423.0556335449219,173.74000549316406
2024-05-24,188.8812713623047,180.75,175.1315460205078,426.18646240234375,179.24000549316406
2024-05-28,188.89125061035156,182.14999389648438,176.81004333496094,426.344970703125,176.75
2024-05-29,189.1894989013672,182.02000427246094,176.19424438476562,425.2055969238281,176.19000244140625
2024-05-30,190.18370056152344,179.32000732421875,172.38037109375,410.8395690917969,178.7899932861328
2024-05-31,191.13815307617188,176.44000244140625,172.7776336669922,411.2953186035156,178.0800018310547
2024-06-03,192.90786743164062,178.33999633789062,173.23452758789062,409.7001647949219,176.2899932861328
2024-06-04,193.2260284423828,179.33999633789062,173.939697265625,412.22662353515625,174.77000427246094
2024-06-05,194.7372283935547,181.27999877929688,175.8665008544922,420.09326171875,175.0
2024-06-06,193.35525512695312,185.0,177.13780212402344,420.5985412597656,177.94000244140625
2024-06-07,195.7513427734375,184.3000030517578,174.75411987304688,419.93475341796875,177.47999572753906
2024-06-10,192.0031280517578,187.05999755859375,175.62911987304688,423.9176330566406,173.7899932861328
2024-06-11,205.9519805908203,187.22999572753906,177.1802978515625,428.6831970214844,170.66000366210938
2024-06-12,211.83778381347656,186.88999938964844,178.5425262451172,436.9857482910156,177.2899932861328
2024-06-13,213.00100708007812,183.8300018310547,175.73849487304688,437.5009765625,182.47000122070312
2024-06-14,211.26112365722656,183.66000366210938,177.3592529296875,438.4818420410156,178.00999450683594
2024-06-17,215.4169464111328,184.05999755859375,177.76693725585938,444.2282409667969,187.44000244140625
2024-06-18,213.05067443847656,182.80999755859375,175.4501495361328,442.2170104980469,184.86000061035156
2024-06-20,208.4673614501953,186.10000610351562,176.7030029296875,441.58294677734375,181.57000732421875
2024-06-21,206.2900390625,189.0800018310547,179.23855590820312,445.625244140625,183.00999450683594
2024-06-24,206.936279296875,185.57000732421875,179.76553344726562,443.53472900390625,182.5800018310547
2024-06-25,207.8609161376953,186.33999633789062,184.5283966064453,446.784423828125,187.35000610351562
2024-06-26,212.01670837402344,193.61000061035156,184.31956481933594,447.98321533203125,196.3699951171875
2024-06-27,212.86181640625,197.85000610351562,185.80116271972656,448.6668395996094,197.4199981689453
2024-06-28,209.4019317626953,193.25,182.38063049316406,442.82135009765625,197.8800048828125
2024-07-01,215.49649047851562,197.1999969482422,183.44459533691406,452.510986328125,209.86000061035156
2024-07-02,218.99610900878906,200.0,185.5525665283203,455.0374450683594,231.25999450683594
2024-07-03,220.2687225341797,197.58999633789062,186.32815551757812,456.5137023925781,246.38999938964844
2024-07-05,225.03102111816406,200.0,190.8722686767578,463.240966796875,251.52000427246094
2024-07-08,226.50245666503906,199.2899932861328,189.400634765625,461.93316650390625,252.94000244140625
2024-07-09,227.3574676513672,199.33999633789062,189.36087036132812,455.2950744628906,262.3299865722656
2024-07-10,231.63259887695312,199.7899932861328,191.56829833984375,461.9430847167969,263.260009765625
2024-07-11,226.25392150878906,195.0500030517578,186.23866271972656,450.49981689453125,241.02999877929688
2024-07-12,229.20672607421875,194.49000549316406,185.7216033935547,449.36041259765625,248.22999572753906
2024-07-15,233.04440307617188,192.72000122070312,187.1236114501953,449.7666015625,252.63999938964844
2024-07-16,233.4619903564453,193.02000427246094,184.4488525390625,445.3676452636719,256.55999755859375
2024-07-17,227.55633544921875,187.92999267578125,181.58518981933594,439.42303466796875,248.5
2024-07-18,222.8834991455078,183.75,178.20445251464844,436.3021240234375,249.22999572753906
2024-07-19,223.01275634765625,183.1300048828125,178.3734893798828,433.0722351074219,239.1999969482422
2024-07-22,222.66481018066406,182.5500030517578,182.31105041503906,438.8484191894531,251.50999450683594
2024-07-23,223.7086944580078,186.41000366210938,182.55963134765625,440.7407531738281,246.3800048828125
2024-07-24,217.27610778808594,180.8300018310547,173.38192749023438,424.9381103515625,215.99000549316406
2024-07-25,216.23220825195312,179.85000610351562,168.20144653320312,414.53509521484375,220.25
2024-07-26,216.69949340820312,182.5,167.72415161132812,421.34161376953125,219.8000030517578
2024-07-29,216.97787475585938,183.1999969482422,170.16030883789062,422.78814697265625,232.10000610351562
2024-07-30,217.5346221923828,181.7100067138672,170.88616943359375,419.0133972167969,222.6199951171875
2024-07-31,220.79566955566406,186.97999572753906,172.1688232421875,414.485595703125,232.07000732421875
2024-08-01,217.09716796875,184.07000732421875,171.47280883789062,413.2569885253906,216.86000061035156
2024-08-02,218.58848571777344,167.89999389648438,167.4457550048828,404.7166442871094,207.6699981689453
2024-08-05,208.0597381591797,161.02000427246094,159.72972106933594,391.4998779296875,198.8800048828125
2024-08-06,206.0315399169922,161.92999267578125,159.6302947998047,395.9186706542969,200.63999938964844
2024-08-07,208.6065673828125,162.77000427246094,159.839111328125,394.7496032714844,191.75999450683594
2024-08-08,212.07638549804688,165.8000030517578,162.9115753173828,398.9701843261719,198.83999633789062
2024-08-09,214.9894256591797,166.94000244140625,164.45281982421875,402.26947021484375,200.0
2024-08-12,216.52230834960938,166.8000030517578,163.02098083496094,403.0521240234375,197.49000549316406
2024-08-13,220.24496459960938,170.22999572753906,164.98974609375,410.1856689453125,207.8300018310547
2024-08-14,220.69290161132812,170.10000610351562,161.1118621826172,413.0093078613281,201.3800048828125
2024-08-15,223.6790008544922,177.58999633789062,162.24539184570312,417.89263916015625,214.13999938964844
2024-08-16,225.00283813476562,177.05999755859375,163.80650329589844,415.35174560546875,216.1199951171875
2024-08-19,224.84356689453125,178.22000122070312,167.4457550048828,418.388916015625,222.72000122070312
2024-08-20,225.460693359375,178.8800048828125,168.00259399414062,421.6345520019531,221.10000610351562
2024-08-21,225.3511962890625,180.11000061035156,166.6801300048828,420.9795227050781,223.27000427246094
2024-08-22,223.4898681640625,176.1300048828125,164.55224609375,412.4534912109375,210.66000366210938
2024-08-23,225.78916931152344,177.0399932861328,166.48126220703125,413.68426513671875,220.32000732421875
2024-08-26,226.12757873535156,175.5,166.97842407226562,410.4088134765625,213.2100067138672
2024-08-27,226.97366333007812,173.1199951171875,165.4372100830078,410.7562255859375,209.2100067138672
2024-08-28,225.44078063964844,170.8000030517578,163.56785583496094,407.5404052734375,205.75
2024-08-29,228.72547912597656,172.1199951171875,162.47409057617188,410.04156494140625,206.27999877929688
2024-08-30,227.9391632080078,178.5,164.1743927001953,414.0316467285156,214.11000061035156
2024-09-03,221.73805236816406,176.25,157.71124267578125,406.3890380859375,210.60000610351562
2024-09-04,219.82691955566406,173.3300018310547,156.915771484375,405.8530578613281,219.41000366210938
2024-09-05,221.349853515625,177.88999938964844,157.7012939453125,405.3468322753906,230.1699981689453
2024-09-06,219.7970733642578,171.38999938964844,151.2679443359375,398.7066955566406,210.72999572753906
2024-09-09,219.8866424560547,175.39999389648438,148.8883514404297,402.69677734375,216.27000427246094
2024-09-10,219.09034729003906,179.5500030517578,149.35629272460938,411.11358642578125,226.1699981689453
2024-09-11,221.62852478027344,184.52000427246094,151.4869842529297,419.8876953125,228.1300048828125
2024-09-12,221.73805236816406,187.0,154.86221313476562,423.81817626953125,229.80999755859375
2024-09-13,221.4692840576172,186.49000549316406,157.6798858642578,427.38140869140625,230.2899932861328
2024-09-16,215.3179168701172,184.88999938964844,158.2971954345703,428.1258239746094,226.77999877929688
2024-09-17,215.7857208251953,186.8800048828125,159.58155822753906,431.9074401855469,227.8699951171875
2024-09-18,219.66766357421875,186.42999267578125,160.10923767089844,427.5997619628906,227.1999969482422
2024-09-19,227.8097686767578,189.8699951171875,162.52867126464844,435.4210510253906,243.9199981689453
2024-09-20,227.1428680419922,191.60000610351562,163.9225616455078,432.02655029296875,238.25
2024-09-23,225.42088317871094,193.8800048828125,162.3594207763672,430.2796936035156,250.0
2024-09-24,226.31671142578125,193.9600067138672,162.92691040039062,425.9720153808594,254.27000427246094
2024-09-25,225.32135009765625,192.52999877929688,162.2797393798828,428.89007568359375,257.0199890136719
2024-09-26,226.4660186767578,191.16000366210938,163.1160888671875,428.0960388183594,254.22000122070312
2024-09-27,226.73475646972656,187.97000122070312,164.56973266601562,424.83056640625,260.4599914550781
2024-09-30,231.920654296875,186.3300018310547,166.46144104003906,427.09356689453125,261.6300048828125
2024-10-01,225.16209411621094,185.1300048828125,167.68609619140625,417.5552062988281,258.0199890136719
2024-10-02,225.72946166992188,184.75999450683594,166.58091735839844,414.0217590332031,249.02000427246094
2024-10-03,224.6245880126953,181.9600067138672,166.4813690185547,413.4361267089844,240.66000366210938
2024-10-04,225.74935913085938,186.50999450683594,167.82546997070312,412.9596862792969,250.0800018310547
2024-10-07,220.66302490234375,180.8000030517578,163.67364501953125,406.4882507324219,240.8300018310547
2024-10-08,224.72413635253906,182.72000122070312,164.97792053222656,411.6197509765625,244.5
2024-10-09,228.47665405273438,185.1699981689453,162.3494415283203,414.3492736816406,241.0500030517578
2024-10-10,227.9789581298828,186.64999389648438,162.46890258789062,412.7413330078125,238.77000427246094
2024-10-11,226.4958953857422,188.82000732421875,163.80308532714844,413.2177429199219,217.8000030517578
2024-10-14,230.228515625,187.5399932861328,165.62510681152344,416.0167541503906,219.16000366210938
2024-10-15,232.76670837402344,187.69000244140625,166.17269897460938,415.6197204589844,219.57000732421875
2024-10-16,230.70626831054688,186.88999938964844,166.013427734375,413.01922607421875,221.3300018310547
2024-10-17,231.07456970214844,187.52999877929688,163.7931365966797,413.6147766113281,220.88999938964844
2024-10-18,233.91136169433594,188.99000549316406,164.3307647705078,415.0440673828125,220.6999969482422
2024-10-21,235.38450622558594,189.07000732421875,165.0775146484375,415.659423828125,218.85000610351562
2024-10-22,234.7673797607422,189.6999969482422,166.0930633544922,424.3243713378906,217.97000122070312
2024-10-23,229.69100952148438,184.7100067138672,163.76324462890625,421.4360656738281,213.64999389648438
2024-10-24,229.5018768310547,186.3800048828125,163.81304931640625,421.5650939941406,260.4800109863281
2024-10-25,230.3380126953125,187.8300018310547,166.26231384277344,424.9595947265625,269.19000244140625
2024-10-28,232.3187713623047,188.38999938964844,167.60643005371094,423.4112548828125,262.510009765625
2024-10-29,232.5875244140625,190.8300018310547,170.39422607421875,428.7312927246094,259.5199890136719
2024-10-30,229.03407287597656,192.72999572753906,175.37245178222656,429.3069763183594,257.54998779296875
2024-10-31,224.8634796142578,186.39999389648438,171.9375,403.3220520019531,249.85000610351562
2024-11-01,221.87738037109375,197.92999267578125,171.8976593017578,407.3121032714844,248.97999572753906
2024-11-04,220.98153686523438,195.77999877929688,169.93621826171875,405.41632080078125,242.83999633789062
2024-11-05,222.41488647460938,199.5,170.66305541992188,408.39398193359375,251.44000244140625
2024-11-06,221.68824768066406,207.08999633789062,177.55291748046875,417.04901123046875,288.5299987792969
2024-11-07,226.42620849609375,210.0500030517578,181.48568725585938,422.2598571777344,296.9100036621094
2024-11-08,226.15716552734375,208.17999267578125,179.0762481689453,419.39141845703125,321.2200012207031
2024-11-11,223.4368133544922,206.83999633789062,181.17703247070312,414.89520263671875,350.0
2024-11-12,223.4368133544922,208.91000366210938,182.52117919921875,419.87774658203125,328.489990234375
2024-11-13,224.3236541748047,214.10000610351562,179.70350646972656,422.0315856933594,330.239990234375
2024-11-14,227.41270446777344,211.47999572753906,176.5771942138672,423.7090148925781,311.17999267578125
2024-11-15,224.2041015625,202.61000061035156,173.1322479248047,411.9075927734375,320.7200012207031
2024-11-18,227.2134246826172,201.6999969482422,176.0295867919922,412.6619567871094,338.739990234375
2024-11-19,227.4724884033203,204.61000061035156,178.79745483398438,414.6767883300781,346.0
2024-11-20,228.18994140625,202.8800048828125,176.5572509765625,412.3939208984375,342.0299987792969
2024-11-21,227.71165466308594,198.3800048828125,168.5025177001953,410.61370849609375,339.6400146484375
2024-11-22,229.05686950683594,197.1199951171875,165.84417724609375,414.72113037109375,352.55999755859375
2024-11-25,232.04624938964844,201.4499969482422,168.6916961669922,416.5013732910156,338.5899963378906
2024-11-26,234.22850036621094,207.86000061035156,169.87649536132812,425.6510925292969,338.2300109863281
2024-11-27,234.0989532470703,205.74000549316406,170.0756378173828,420.67840576171875,332.8900146484375
2024-11-29,236.490478515625,207.88999938964844,169.7470703125,421.1458740234375,345.1600036621094
2024-12-02,238.7424774169922,210.7100067138672,172.22622680664062,428.624755859375,357.0899963378906
2024-12-03,241.79165649414062,213.44000244140625,172.26605224609375,428.84356689453125,351.4200134277344
2024-12-04,242.15037536621094,218.16000366210938,175.32266235351562,435.0295715332031,357.92999267578125
2024-12-05,242.18028259277344,220.5500030517578,173.5504150390625,440.2011413574219,369.489990234375
2024-12-06,241.98098754882812,227.02999877929688,175.72093200683594,441.14593505859375,389.2200012207031
2024-12-09,245.8771514892578,226.08999633789062,176.5283203125,443.5825500488281,389.7900085449219
2024-12-10,246.8935546875,225.0399932861328,185.92787170410156,440.9072265625,400.989990234375
2024-12-11,245.6180877685547,230.25999450683594,196.0750274658203,446.5363464355469,424.7699890136719
2024-12-12,247.0828857421875,228.97000122070312,193.0049591064453,447.10321044921875,418.1000061035156
2024-12-13,247.25228881835938,227.4600067138672,190.76220703125,444.8257141113281,436.2300109863281
2024-12-16,250.15196228027344,232.92999267578125,197.5203399658203,449.1221008300781,463.0199890136719
2024-12-17,252.58334350585938,231.14999389648438,196.48367309570312,451.9764404296875,479.8599853515625
2024-12-18,247.1725616455078,220.52000427246094,189.5361785888672,434.999755859375,440.1300048828125
2024-12-19,248.90638732910156,223.2899932861328,189.08763122558594,434.6416931152344,436.1700134277344
2024-12-20,253.5897674560547,224.9199981689453,192.3371124267578,434.2140808105469,421.05999755859375
2024-12-23,254.3670196533203,225.05999755859375,195.35733032226562,432.8714294433594,430.6000061035156
2024-12-24,257.2866516113281,229.0500030517578,196.9322509765625,436.92913818359375,462.2799987792969
2024-12-26,258.1037292480469,227.0500030517578,196.46376037597656,435.7157897949219,454.1300048828125
2024-12-27,254.6858673095703,223.75,193.4136199951172,428.1772155761719,431.6600036621094
2024-12-30,251.307861328125,221.3000030517578,192.06797790527344,422.5083312988281,417.4100036621094
2024-12-31,249.5341796875,219.38999938964844,189.8252410888672,419.1965637207031,403.8399963378906
2025-01-02,242.98741149902344,220.22000122070312,190.01463317871094,416.2925109863281,379.2799987792969
2025-01-03,242.4991455078125,224.19000244140625,192.50657653808594,421.0364685058594,410.44000244140625
2025-01-06,244.1333465576172,227.61000061035156,197.32098388671875,425.5118713378906,411.04998779296875
2025-01-07,241.35321044921875,222.11000061035156,196.0750274658203,420.0617980957031,394.3599853515625
2025-01-08,241.8414764404297,222.1300048828125,194.75926208496094,422.2398376464844,394.94000244140625
2025-01-10,236.01219177246094,218.94000244140625,192.5464324951172,416.6604919433594,394.739990234375
2025-01-13,233.5708465576172,218.4600067138672,191.6692657470703,414.9101257324219,403.30999755859375
2025-01-14,232.45480346679688,217.75999450683594,190.4332733154297,413.3984375,396.3599853515625
2025-01-15,237.028564453125,223.35000610351562,196.34413146972656,423.9802551269531,428.2200012207031
2025-01-16,227.4525604248047,220.66000366210938,193.7824249267578,422.25970458984375,413.82000732421875
2025-01-17,229.16647338867188,225.94000244140625,196.9123077392578,426.6853942871094,426.5
2025-01-21,221.85243225097656,230.7100067138672,198.98558044433594,426.1583251953125,424.07000732421875
2025-01-22,223.03823852539062,235.00999450683594,199.38429260253906,443.7615966796875,415.1099853515625
2025-01-23,222.8688507080078,235.4199981689453,198.9357452392578,444.2687683105469,412.3800048828125
2025-01-24,221.991943359375,234.85000610351562,201.24826049804688,441.6332702636719,406.5799865722656
2025-01-27,229.04690551757812,235.4199981689453,193.14450073242188,432.1851806640625,397.1499938964844
2025-01-28,237.41717529296875,238.14999389648438,196.43385314941406,444.7561340332031,398.0899963378906
2025-01-29,238.51329040527344,237.07000732421875,196.54348754882812,439.9127197265625,389.1000061035156
2025-01-30,236.7495574951172,234.63999938964844,201.97589111328125,412.7221374511719,400.2799987792969
2025-01-31,235.16519165039062,237.67999267578125,204.9363250732422,412.791748046875,404.6000061035156
2025-02-03,227.20343017578125,237.4199981689453,201.98585510253906,408.6744079589844,383.67999267578125
2025-02-04,231.9765167236328,242.05999755859375,207.0395050048828,410.116455078125,392.2099914550781
2025-02-05,231.64767456054688,236.1699981689453,192.676025390625,411.03143310546875,378.1700134277344
2025-02-06,232.39501953125,238.8300018310547,192.68597412109375,413.547607421875,374.32000732421875
2025-02-07,226.82481384277344,229.14999389648438,186.53590393066406,407.5107727050781,361.6199951171875
2025-02-10,227.0941162109375,233.13999938964844,187.59246826171875,409.9672546386719,350.7300109863281
2025-02-11,232.05198669433594,232.75999450683594,186.4661407470703,409.1915283203125,328.5
2025-02-12,236.29161071777344,228.92999267578125,184.83140563964844,406.80462646484375,336.510009765625
2025-02-13,240.9402313232422,230.3699951171875,187.27349853515625,408.29644775390625,355.94000244140625
2025-02-14,244.00274658203125,228.67999267578125,186.2667694091797,406.1979675292969,355.8399963378906
2025-02-18,243.87306213378906,226.64999389648438,185.20022583007812,407.4013671875,354.1099853515625
2025-02-19,244.27207946777344,226.6300048828125,186.5259246826172,412.5032958984375,360.55999755859375
2025-02-20,245.22975158691406,222.8800048828125,186.0375213623047,414.6857604980469,354.3999938964844
2025-02-21,244.95042419433594,216.5800018310547,180.9938507080078,406.793212890625,337.79998779296875
2025-02-24,246.49664306640625,212.7100067138672,180.6051025390625,402.59783935546875,330.5299987792969
2025-02-25,246.43678283691406,212.8000030517578,176.79742431640625,396.51898193359375,302.79998779296875
2025-02-26,239.77310180664062,214.35000610351562,174.13604736328125,398.3426513671875,290.79998779296875
2025-02-27,236.72056579589844,208.74000549316406,169.66055297851562,391.16766357421875,281.95001220703125
2025-02-28,241.24948120117188,212.27999877929688,171.6640625,395.6121520996094,292.9800109863281
2025-03-03,237.4487762451172,205.02000427246094,168.11557006835938,387.14166259765625,284.6499938964844
2025-03-04,235.35391235351562,203.8000030517578,172.0528106689453,387.26123046875,272.0400085449219
2025-03-05,235.1643829345703,208.36000061035156,174.42514038085938,399.628173828125,279.1000061035156
2025-03-06,234.75538635253906,200.6999969482422,173.64764404296875,395.5125427246094,263.45001220703125
2025-03-07,238.4862518310547,199.25,175.18267822265625,391.9449462890625,262.6700134277344
2025-03-10,226.92454528808594,194.5399932861328,167.4588623046875,378.8406066894531,222.14999389648438
2025-03-11,220.30075073242188,196.58999633789062,165.6326904296875,379.12957763671875,230.5800018310547
2025-03-12,216.45018005371094,198.88999938964844,168.6463623046875,381.9397888183594,248.08999633789062
2025-03-13,209.16799926757812,193.88999938964844,164.3852996826172,377.45538330078125,240.67999267578125
2025-03-14,212.9687042236328,197.9499969482422,167.26925659179688,387.21142578125,249.97999572753906
2025-03-17,213.4774627685547,195.74000549316406,166.22145080566406,387.3509521484375,238.00999450683594
2025-03-18,212.17066955566406,192.82000732421875,162.32960510253906,382.18890380859375,225.30999755859375
2025-03-19,214.7144317626953,195.5399932861328,165.9320526123047,386.4740295410156,235.86000061035156
2025-03-20,213.5772247314453,194.9499969482422,164.7046356201172,385.49737548828125,236.25999450683594
2025-03-21,217.73704528808594,196.2100067138672,165.90213012695312,389.9020690917969,248.7100067138672
2025-03-24,220.19102478027344,203.25999450683594,169.5744171142578,391.7157287597656,278.3900146484375
2025-03-25,223.2036590576172,205.7100067138672,172.42843627929688,393.7885437011719,288.1400146484375
2025-03-26,220.98907470703125,201.1300048828125,166.79025268554688,388.6165466308594,272.05999755859375
2025-03-27,223.3034210205078,201.36000061035156,163.73666381835938,389.2243957519531,273.1300048828125
2025-03-28,217.36793518066406,192.72000122070312,155.7334442138672,377.48529052734375,263.54998779296875
2025-03-31,221.58761596679688,190.25999450683594,155.90309143066406,374.087158203125,259.1600036621094
2025-04-01,222.64503479003906,192.1699981689453,158.54754638671875,380.8635559082031,268.4599914550781
2025-04-02,223.34332275390625,196.00999450683594,158.527587890625,380.813720703125,282.760009765625
2025-04-03,202.69384765625,178.41000366210938,152.3106231689453,371.8150329589844,267.2799987792969
2025-04-04,187.92002868652344,171.0,147.4308624267578,358.59112548828125,239.42999267578125
2025-04-07,181.0169219970703,175.25999450683594,148.92771911621094,356.61798095703125,233.2899932861328
2025-04-08,171.9989776611328,170.66000366210938,146.27328491210938,353.3294372558594,221.86000061035156
2025-04-09,198.3644561767578,191.10000610351562,160.72299194335938,389.13470458984375,272.20001220703125
2025-04-10,189.9550323486328,181.22000122070312,155.04489135742188,380.0264587402344,252.39999389648438
2025-04-11,197.66615295410156,184.8699951171875,159.0664520263672,387.1018371582031,252.30999755859375
2025-04-14,202.02549743652344,182.1199951171875,161.13214111328125,386.4640197753906,252.35000610351562
2025-04-15,201.6464080810547,179.58999633789062,158.34796142578125,384.3912658691406,254.11000061035156
2025-04-16,193.79563903808594,174.3300018310547,155.17462158203125,370.32025146484375,241.5500030517578
2025-04-17,196.4990234375,172.61000061035156,153.0391082763672,366.5035400390625,241.3699951171875
2025-04-21,192.6883544921875,167.32000732421875,149.54641723632812,357.87359619140625,227.5
2025-04-22,199.25228881835938,173.17999267578125,153.5779571533203,365.5469055175781,237.97000122070312
2025-04-23,204.1004180908203,180.60000610351562,157.38998413085938,373.0906066894531,250.74000549316406
2025-04-24,207.8612060546875,186.5399932861328,161.13214111328125,385.9557800292969,259.510009765625
2025-04-25,208.76898193359375,188.99000549316406,163.50714111328125,390.4900207519531,284.95001220703125
2025-04-28,209.62689208984375,187.6999969482422,162.08013916015625,389.8023986816406,285.8800048828125
2025-04-29,210.6942901611328,187.38999938964844,161.72088623046875,392.67242431640625,292.0299987792969
2025-04-30,211.9811248779297,184.4199981689453,160.55332946777344,393.88818359375,282.1600036621094
2025-05-01,212.79913330078125,190.1999969482422,162.44935607910156,423.9235534667969,280.5199890136719
2025-05-02,204.8485870361328,189.97999572753906,165.46304321289062,433.769287109375,287.2099914550781
2025-05-05,198.40435791015625,186.35000610351562,165.70254516601562,434.65618896484375,280.260009765625
2025-05-06,198.02528381347656,185.00999450683594,164.8543243408203,431.8061218261719,275.3500061035156
2025-05-07,195.7707977294922,188.7100067138672,152.4802703857422,431.8459777832031,276.2200012207031
2025-05-08,197.00778198242188,192.0800018310547,155.42410278320312,436.6492614746094,284.82000732421875
2025-05-09,198.0452423095703,193.05999755859375,154.0569610595703,437.20733642578125,298.260009765625
2025-05-12,210.55104064941406,208.63999938964844,159.24607849121094,447.70074462890625,318.3800048828125
2025-05-13,212.68861389160156,211.3699951171875,160.55332946777344,447.5812072753906,334.07000732421875
2025-05-14,212.08929443359375,210.25,166.4609375,451.36798095703125,347.67999267578125
2025-05-15,211.21029663085938,205.1699981689453,165.05389404296875,452.3863220214844,342.82000732421875
2025-05-16,211.0205078125,205.58999633789062,167.07965087890625,453.5244445800781,349.9800109863281
2025-05-19,208.54331970214844,206.16000366210938,167.5187225341797,458.11688232421875,342.0899963378906
2025-05-20,206.62550354003906,204.07000732421875,164.97409057617188,457.4180603027344,343.82000732421875
2025-05-21,201.86090087890625,201.1199951171875,169.7041473388672,451.8272399902344,334.6199951171875
2025-05-22,201.13172912597656,203.10000610351562,171.62013244628906,454.11346435546875,341.0400085449219
2025-05-23,195.04864501953125,200.99000549316406,169.23513793945312,449.441162109375,339.3399963378906
2025-05-27,199.98304748535156,206.02000427246094,173.61593627929688,459.93389892578125,362.8900146484375
2025-05-28,200.1927947998047,204.72000122070312,173.0172119140625,456.609375,356.8999938964844
2025-05-29,199.72332763671875,205.6999969482422,172.5980987548828,457.9272155761719,358.42999267578125
2025-05-30,200.622314453125,205.00999450683594,172.48831176757812,459.60443115234375,346.4599914550781
2025-06-02,201.47134399414062,206.64999389648438,170.01348876953125,461.2118225097656,342.69000244140625
2025-06-03,203.03956604003906,205.7100067138672,167.3590850830078,462.2101745605469,344.2699890136719
2025-06-04,202.590087890625,207.22999572753906,169.03555297851562,463.1086730957031,332.04998779296875
2025-06-05,200.40257263183594,207.91000366210938,169.4546661376953,466.91241455078125,284.70001220703125
2025-06-06,203.68882751464844,213.57000732421875,174.55397033691406,469.6080017089844,295.1400146484375
2025-06-09,201.2216339111328,216.97999572753906,177.47137451171875,471.97412109375,308.5799865722656
2025-06-10,202.44024658203125,217.61000061035156,179.8492431640625,470.1471252441406,326.0899963378906
2025-06-11,198.55465698242188,213.1999969482422,178.63034057617188,471.8443298339844,326.42999267578125
2025-06-12,198.97418212890625,213.24000549316406,176.8119659423828,478.0840759277344,319.1099853515625
2025-06-13,196.227294921875,212.10000610351562,175.7229461669922,474.18048095703125,325.30999755859375
2025-06-16,198.195068359375,216.10000610351562,177.78109741210938,478.3536376953125,329.1300048828125
2025-06-17,195.418212890625,214.82000732421875,177.0717315673828,477.25543212890625,316.3500061035156
2025-06-18,196.35714721679688,212.52000427246094,173.8246307373047,479.4518127441406,322.04998779296875
2025-06-20,200.7721405029297,209.69000244140625,167.58021545410156,476.6164855957031,322.1600036621094
2025-06-23,201.27157592773438,208.47000122070312,165.86175537109375,485.2023620605469,348.67999267578125
2025-06-24,200.07293701171875,212.77000427246094,167.5902099609375,489.30560302734375,340.4700012207031
2025-06-25,201.33151245117188,211.99000549316406,171.3368682861328,491.4620666503906,327.54998779296875
2025-06-26,200.7721405029297,217.1199951171875,174.27423095703125,496.6335754394531,325.7799987792969
2025-06-27,200.85205078125,223.3000030517578,178.11080932617188,495.1260681152344,323.6300048828125
2025-06-30,204.93740844726562,219.38999938964844,177.23159790039062,496.5936584472656,317.6600036621094
2025-07-01,207.58441162109375,220.4600067138672,176.7520294189453,491.242431640625,300.7099914550781
2025-07-02,212.1991729736328,219.9199981689453,179.59947204589844,490.2840270996094,315.6499938964844
2025-07-03,213.30792236328125,223.41000366210938,180.38877868652344,498.02130126953125,315.3500061035156
2025-07-07,209.7119903564453,223.47000122070312,177.4014434814453,496.90313720703125,293.94000244140625
2025-07-08,209.7719268798828,219.36000061035156,175.0035858154297,495.804931640625,297.80999755859375
2025-07-09,210.90065002441406,222.5399932861328,177.50135803222656,502.68365478515625,295.8800048828125
2025-07-10,212.16920471191406,222.25999450683594,178.54042053222656,500.656982421875,309.8699951171875
2025-07-11,210.92062377929688,225.02000427246094,181.14808654785156,502.49395751953125,313.510009765625
2025-07-14,208.3834991455078,225.69000244140625,182.64674377441406,502.1944274902344,316.8999938964844
2025-07-15,208.87295532226562,226.35000610351562,182.93649291992188,504.9898376464844,310.7799987792969
2025-07-16,209.92176818847656,223.19000244140625,183.60589599609375,504.7901611328125,321.6700134277344
2025-07-17,209.78192138671875,223.8800048828125,184.53506469726562,510.8601989746094,319.4100036621094
2025-07-18,210.9405975341797,226.1300048828125,185.77395629882812,509.212890625,329.6499938964844
2025-07-21,212.23912048339844,229.3000030517578,190.9792938232422,509.2228698730469,328.489990234375
2025-07-22,214.15695190429688,227.47000122070312,191.93844604492188,504.44073486328125,332.1099853515625
2025-07-23,213.9072265625,228.2899932861328,191.33897399902344,505.0397644042969,332.55999755859375
2025-07-24,213.51766967773438,232.22999572753906,193.0274658203125,510.0415344238281,305.29998779296875
2025-07-25,213.63754272460938,231.44000244140625,193.9066925048828,512.866943359375,316.05999755859375
2025-07-28,213.80735778808594,232.7899932861328,193.2472686767578,511.65887451171875,325.5899963378906
2025-07-29,211.03050231933594,231.00999450683594,196.25457763671875,511.728759765625,321.20001220703125
2025-07-30,208.81301879882812,230.19000244140625,197.26368713378906,512.3976440429688,319.0400085449219
2025-07-31,207.33470153808594,234.11000061035156,192.68777465820312,532.6243896484375,308.2699890136719
2025-08-01,202.1505889892578,214.75,189.78036499023438,523.2498168945312,302.6300048828125
2025-08-04,203.11949157714844,211.64999389648438,195.5751953125,534.7609252929688,309.260009765625
2025-08-05,202.68995666503906,213.75,195.1455841064453,526.8838500976562,308.7200012207031
2025-08-06,213.0082550048828,222.30999755859375,196.74415588378906,524.0784912109375,319.9100036621094
2025-08-07,219.7805633544922,223.1300048828125,197.10382080078125,519.9852294921875,322.2699890136719
2025-08-08,229.0900115966797,222.69000244140625,201.90953063964844,521.1832275390625,329.6499938964844
2025-08-11,227.17999267578125,221.3000030517578,201.449951171875,520.9136962890625,339.0299987792969
2025-08-12,229.64999389648438,221.47000122070312,203.97769165039062,528.3713989257812,340.8399963378906
2025-08-13,233.3300018310547,224.55999755859375,202.84869384765625,519.7256469726562,339.3800048828125
2025-08-14,232.77999877929688,230.97999572753906,203.63800048828125,521.6224975585938,335.5799865722656
2025-08-15,231.58999633789062,231.02999877929688,204.72702026367188,519.3162841796875,330.55999755859375
2025-08-18,230.88999938964844,231.49000549316406,204.10755920410156,516.2512817382812,335.1600036621094
2025-08-19,230.55999755859375,228.00999450683594,202.30918884277344,508.933349609375,329.30999755859375
2025-08-20,226.00999450683594,223.80999755859375,200.01123046875,504.8900146484375,323.8999938964844
2025-08-21,224.89999389648438,221.9499969482422,200.4408416748047,504.239990234375,320.1099853515625
2025-08-22,227.75999450683594,228.83999633789062,206.535400390625,507.2300109863281,340.010009765625
2025-08-25,227.16000366210938,227.94000244140625,208.9732208251953,504.260009765625,346.6000061035156
2025-08-26,229.30999755859375,228.7100067138672,207.76429748535156,502.0400085449219,351.6700134277344
2025-08-27,230.49000549316406,229.1199951171875,208.02407836914062,506.739990234375,349.6000061035156
2025-08-28,232.55999755859375,231.60000610351562,212.1803436279297,509.6400146484375,345.9800109863281
2025-08-29,232.13999938964844,229.0,213.3393096923828,506.69000244140625,333.8699951171875
2025-09-02,229.72000122070312,225.33999633789062,211.8007049560547,505.1199951171875,329.3599853515625
2025-09-03,238.47000122070312,225.99000549316406,230.8936309814453,505.3500061035156,334.0899963378906
2025-09-04,239.77999877929688,235.67999267578125,232.45223999023438,507.9700012207031,338.5299987792969
2025-09-05,239.69000244140625,232.3300018310547,234.95999145507812,495.0,350.8399963378906
2025-09-08,237.8800048828125,235.83999633789062,234.16000366210938,498.20001220703125,346.3999938964844
2025-09-09,234.35000610351562,238.24000549316406,239.94000244140625,498.4100036621094,346.9700012207031
2025-09-10,226.7899932861328,230.3300018310547,239.55999755859375,500.3699951171875,347.7900085449219
2025-09-11,230.02999877929688,229.9499969482422,240.77999877929688,501.010009765625,368.80999755859375
2025-09-12,234.07000732421875,228.14999389648438,241.3800048828125,509.8999938964844,395.94000244140625
2025-09-15,236.6999969482422,231.42999267578125,251.75999450683594,515.3599853515625,410.0400085449219
2025-09-16,238.14999389648438,234.0500030517578,251.4199981689453,509.0400085449219,421.6199951171875
2025-09-17,238.99000549316406,231.6199951171875,249.85000610351562,510.0199890136719,425.8599853515625
2025-09-18,237.8800048828125,231.22999572753906,252.3300018310547,508.45001220703125,416.8500061035156
2025-09-19,245.5,231.47999572753906,255.24000549316406,517.9299926757812,426.07000732421875
2025-09-22,256.0799865722656,227.6300048828125,252.8800048828125,514.4500122070312,434.2099914550781
2025-09-23,254.42999267578125,220.7100067138672,252.33999633789062,509.2300109863281,425.8500061035156
2025-09-24,252.30999755859375,220.2100067138672,247.8300018310547,510.1499938964844,442.7900085449219
2025-09-25,256.8699951171875,218.14999389648438,246.57000732421875,507.0299987792969,423.3900146484375
2025-09-26,255.4600067138672,219.77999877929688,247.17999267578125,511.4599914550781,440.3999938964844
2025-09-29,254.42999267578125,222.1699981689453,244.36000061035156,514.5999755859375,443.2099914550781
2025-09-30,254.6300048828125,219.57000732421875,243.5500030517578,517.9500122070312,444.7200012207031
2025-10-01,255.4499969482422,220.6300048828125,245.5399932861328,519.7100219726562,459.4599914550781
2025-10-02,257.1300048828125,222.41000366210938,246.42999267578125,515.739990234375,436.0
2025-10-03,258.0199890136719,219.50999450683594,246.4499969482422,517.3499755859375,429.8299865722656
2025-10-06,256.69000244140625,220.89999389648438,251.50999450683594,528.5700073242188,453.25
2025-10-07,256.4800109863281,221.77999877929688,247.1300048828125,523.97998046875,433.0899963378906
